[{"pk": 10, "model": "contenttypes.contenttype", "fields": {"model": "author", "name": "author", "app_label": "tm"}}, {"pk": 5, "model": "contenttypes.contenttype", "fields": {"model": "contenttype", "name": "content type", "app_label": "contenttypes"}}, {"pk": 2, "model": "contenttypes.contenttype", "fields": {"model": "group", "name": "group", "app_label": "auth"}}, {"pk": 13, "model": "contenttypes.contenttype", "fields": {"model": "hashtag", "name": "hashtag", "app_label": "tm"}}, {"pk": 8, "model": "contenttypes.contenttype", "fields": {"model": "logentry", "name": "log entry", "app_label": "admin"}}, {"pk": 14, "model": "contenttypes.contenttype", "fields": {"model": "mention", "name": "mention", "app_label": "tm"}}, {"pk": 4, "model": "contenttypes.contenttype", "fields": {"model": "message", "name": "message", "app_label": "auth"}}, {"pk": 9, "model": "contenttypes.contenttype", "fields": {"model": "migrationhistory", "name": "migration history", "app_label": "south"}}, {"pk": 1, "model": "contenttypes.contenttype", "fields": {"model": "permission", "name": "permission", "app_label": "auth"}}, {"pk": 6, "model": "contenttypes.contenttype", "fields": {"model": "session", "name": "session", "app_label": "sessions"}}, {"pk": 7, "model": "contenttypes.contenttype", "fields": {"model": "site", "name": "site", "app_label": "sites"}}, {"pk": 11, "model": "contenttypes.contenttype", "fields": {"model": "tag", "name": "tag", "app_label": "tm"}}, {"pk": 12, "model": "contenttypes.contenttype", "fields": {"model": "tweet", "name": "tweet", "app_label": "tm"}}, {"pk": 3, "model": "contenttypes.contenttype", "fields": {"model": "user", "name": "user", "app_label": "auth"}}, {"pk": 1, "model": "sites.site", "fields": {"domain": "example.com", "name": "example.com"}}, {"pk": 1, "model": "tm.author", "fields": {"twitter_username": "The_Pied_Pipes", "email": ""}}, {"pk": 2, "model": "tm.author", "fields": {"twitter_username": "jaypipes", "email": ""}}, {"pk": 1, "model": "tm.tweet", "fields": {"body": "Any guesses for Microsoft's answer to the +1 button? The Bang button? (Just a !) I can see the ads already... badda Bing badda Bang. #bing", "author": 1}}, {"pk": 2, "model": "tm.tweet", "fields": {"body": "@tomskitomski nice one mate! Sounds like a great gig.", "author": 1}}, {"pk": 3, "model": "tm.tweet", "fields": {"body": "Question 17 in the Census is 'intentionally left blank'. A lovely bit of whimsy. Kafka would approve. #thecensus", "author": 1}}, {"pk": 4, "model": "tm.tweet", "fields": {"body": "@huey that must be why I'm moving there.", "author": 1}}, {"pk": 5, "model": "tm.tweet", "fields": {"body": "It's just tweet tweet tweet this morning. The avarian lot mind. #springissprung", "author": 1}}, {"pk": 6, "model": "tm.tweet", "fields": {"body": "@davidsonhouston they should've just gone for the English bid. Would have saved a packet.", "author": 1}}, {"pk": 7, "model": "tm.tweet", "fields": {"body": "Later data skaters. Gotta get home for home-made taters.", "author": 1}}, {"pk": 8, "model": "tm.tweet", "fields": {"body": "Why all the Quora-bashing? Don't like all the email alerts? Turn 'em off already, and stop whinging. http://www.quora.com/settings", "author": 1}}, {"pk": 9, "model": "tm.tweet", "fields": {"body": "I have been getting more work done at home in one day a week than the rest of the week at the office. #contextswitchingkills", "author": 1}}, {"pk": 10, "model": "tm.tweet", "fields": {"body": "Train delayed due to shortage of available crew. London Midland workers must not be part of Nick Clegg's Alarm Clock Britain. railfail", "author": 1}}, {"pk": 11, "model": "tm.tweet", "fields": {"body": "http://gu.com/p/2nm9y/ip &lt;&lt; is gd. the hype cycle is itself a hype cycle. Digirati should take themselves less seriously. Seriously.", "author": 1}}, {"pk": 12, "model": "tm.tweet", "fields": {"body": "@danielheaf that's a lot of uninteresting people out there then.", "author": 1}}, {"pk": 13, "model": "tm.tweet", "fields": {"body": "Anyone else completely nonplused by those Microsoft Cloud ads? So I wonder how my Mum is receiving them.", "author": 1}}, {"pk": 14, "model": "tm.tweet", "fields": {"body": "@itsallgonewrong that would be two interesting combover options for me.", "author": 1}}, {"pk": 15, "model": "tm.tweet", "fields": {"body": "My eyebrow hairs are growing much longer these days. But only in small patches. This is an interesting development.", "author": 1}}, {"pk": 16, "model": "tm.tweet", "fields": {"body": "Stephen Tyler looks like he's had another man's face pasted on top of his own with a spatula. #americanidol", "author": 1}}, {"pk": 17, "model": "tm.tweet", "fields": {"body": "Chelsea mute over Cole shooting\nhttp://gu.com/p/2ncnn/ip &lt; why are there firearms at Chelsea's training ground? Now Arsenal I'd understand..", "author": 1}}, {"pk": 18, "model": "tm.tweet", "fields": {"body": "Word With Friends: you know I love you and think you're worth the \u00a31.79 I spent on you. But you are also a buggy, crashy pile of shite", "author": 1}}, {"pk": 19, "model": "tm.tweet", "fields": {"body": "Just want to reassure you all: I am no astroturfer. I guess that makes me a sod. \nhttp://gu.com/p/2nah4/ip", "author": 1}}, {"pk": 20, "model": "tm.tweet", "fields": {"body": "Is this series sponsored by Range Rover? #afarmerslifeforme #shameless", "author": 1}}, {"pk": 21, "model": "tm.tweet", "fields": {"body": "@ElizabethN @davidcoallier That GoDaddy video is revolting. I'll be moving my domains from them.", "author": 2}}, {"pk": 22, "model": "tm.tweet", "fields": {"body": "@ElizabethN all the snow is melted now, thank goodness. Bit of a shock this afternoon, but shouldn't surprise us in Ohio, eh? :)", "author": 2}}, {"pk": 23, "model": "tm.tweet", "fields": {"body": "@brandonsavage I studied price discrimination in economics in college but for the life of me, today's airline prices just don't make sense..", "author": 2}}, {"pk": 24, "model": "tm.tweet", "fields": {"body": "@Tetraboy heh, yeah, I know :)", "author": 2}}, {"pk": 25, "model": "tm.tweet", "fields": {"body": "has anyone else noticed that airline tickets are just RIDICULOUSLY expensive? Not just holiday times... any time. friggin insane.", "author": 2}}, {"pk": 26, "model": "tm.tweet", "fields": {"body": "@rolandbouman no, I'll just get myself in trouble and expose myself as the snarky asshole I really am. :)", "author": 2}}, {"pk": 27, "model": "tm.tweet", "fields": {"body": "I think I'm allergic to stupidity.", "author": 2}}, {"pk": 28, "model": "tm.tweet", "fields": {"body": "@stackops re: Spain OS design summit location... oh please let it be so! :)", "author": 2}}, {"pk": 29, "model": "tm.tweet", "fields": {"body": "@The_Pied_Pipes great programming with you tonight, bro :)", "author": 2}}, {"pk": 30, "model": "tm.tweet", "fields": {"body": "Help me determine who has the highest MySQL SkillRank in our professional network - via mixtent http://lnkd.in/Kyvry8", "author": 2}}, {"pk": 31, "model": "tm.tweet", "fields": {"body": "@The_Pied_Pipes lol. You'd think it was at times.", "author": 2}}, {"pk": 32, "model": "tm.tweet", "fields": {"body": "wow. exhausted from this \u00dcberthread. http://twitpic.com/3xkmhn", "author": 2}}, {"pk": 33, "model": "tm.tweet", "fields": {"body": "@RepPaulBrounMD Actually do some research before making idiotic claims that government is a barrier to innovation. http://bit.ly/ffSmF3", "author": 2}}, {"pk": 34, "model": "tm.tweet", "fields": {"body": "@nubeblog thx for the link to AbiCloud's virtual image/disk format stuff. Very helpful!", "author": 2}}, {"pk": 35, "model": "tm.tweet", "fields": {"body": "@objo u too, bro!", "author": 2}}, {"pk": 36, "model": "tm.tweet", "fields": {"body": "Sitting on my couch next to my dad playing scrabble/wordfeud on our android phones. What has the world come to? :)", "author": 2}}, {"pk": 37, "model": "tm.tweet", "fields": {"body": "@heckj Ready to roll on openstack-CI?  Looks like we've got our first five machines to blow up :)", "author": 2}}, {"pk": 38, "model": "tm.tweet", "fields": {"body": "@asksol hells yeah I will! Likely be first quarter next year :)", "author": 2}}, {"pk": 39, "model": "tm.tweet", "fields": {"body": "@0x44 haha. Enjoy your gellato weasel ;)", "author": 2}}, {"pk": 1, "model": "tm.hashtag", "fields": {"text": "#bing", "author": 1}}, {"pk": 2, "model": "tm.hashtag", "fields": {"text": "#thecensus", "author": 1}}, {"pk": 3, "model": "tm.hashtag", "fields": {"text": "#springissprung", "author": 1}}, {"pk": 4, "model": "tm.hashtag", "fields": {"text": "#contextswitchingkills", "author": 1}}, {"pk": 5, "model": "tm.hashtag", "fields": {"text": "#americanidol", "author": 1}}, {"pk": 6, "model": "tm.hashtag", "fields": {"text": "#afarmerslifeforme", "author": 1}}, {"pk": 7, "model": "tm.hashtag", "fields": {"text": "#shameless", "author": 1}}, {"pk": 1, "model": "tm.mention", "fields": {"name": "@tomskitomski", "author": 1}}, {"pk": 2, "model": "tm.mention", "fields": {"name": "@huey", "author": 1}}, {"pk": 3, "model": "tm.mention", "fields": {"name": "@davidsonhouston", "author": 1}}, {"pk": 4, "model": "tm.mention", "fields": {"name": "@danielheaf", "author": 1}}, {"pk": 5, "model": "tm.mention", "fields": {"name": "@itsallgonewrong", "author": 1}}, {"pk": 6, "model": "tm.mention", "fields": {"name": "@ElizabethN", "author": 2}}, {"pk": 7, "model": "tm.mention", "fields": {"name": "@davidcoallier", "author": 2}}, {"pk": 8, "model": "tm.mention", "fields": {"name": "@brandonsavage", "author": 2}}, {"pk": 9, "model": "tm.mention", "fields": {"name": "@Tetraboy", "author": 2}}, {"pk": 10, "model": "tm.mention", "fields": {"name": "@rolandbouman", "author": 2}}, {"pk": 11, "model": "tm.mention", "fields": {"name": "@stackops", "author": 2}}, {"pk": 12, "model": "tm.mention", "fields": {"name": "@The_Pied_Pipes", "author": 2}}, {"pk": 13, "model": "tm.mention", "fields": {"name": "@RepPaulBrounMD", "author": 2}}, {"pk": 14, "model": "tm.mention", "fields": {"name": "@nubeblog", "author": 2}}, {"pk": 15, "model": "tm.mention", "fields": {"name": "@objo", "author": 2}}, {"pk": 16, "model": "tm.mention", "fields": {"name": "@heckj", "author": 2}}, {"pk": 17, "model": "tm.mention", "fields": {"name": "@asksol", "author": 2}}, {"pk": 18, "model": "tm.mention", "fields": {"name": "@0x44", "author": 2}}, {"pk": 1, "model": "south.migrationhistory", "fields": {"applied": "2011-04-02 19:03:01", "app_name": "tm", "migration": "0001_initial"}}, {"pk": 22, "model": "auth.permission", "fields": {"codename": "add_logentry", "name": "Can add log entry", "content_type": 8}}, {"pk": 23, "model": "auth.permission", "fields": {"codename": "change_logentry", "name": "Can change log entry", "content_type": 8}}, {"pk": 24, "model": "auth.permission", "fields": {"codename": "delete_logentry", "name": "Can delete log entry", "content_type": 8}}, {"pk": 4, "model": "auth.permission", "fields": {"codename": "add_group", "name": "Can add group", "content_type": 2}}, {"pk": 5, "model": "auth.permission", "fields": {"codename": "change_group", "name": "Can change group", "content_type": 2}}, {"pk": 6, "model": "auth.permission", "fields": {"codename": "delete_group", "name": "Can delete group", "content_type": 2}}, {"pk": 10, "model": "auth.permission", "fields": {"codename": "add_message", "name": "Can add message", "content_type": 4}}, {"pk": 11, "model": "auth.permission", "fields": {"codename": "change_message", "name": "Can change message", "content_type": 4}}, {"pk": 12, "model": "auth.permission", "fields": {"codename": "delete_message", "name": "Can delete message", "content_type": 4}}, {"pk": 1, "model": "auth.permission", "fields": {"codename": "add_permission", "name": "Can add permission", "content_type": 1}}, {"pk": 2, "model": "auth.permission", "fields": {"codename": "change_permission", "name": "Can change permission", "content_type": 1}}, {"pk": 3, "model": "auth.permission", "fields": {"codename": "delete_permission", "name": "Can delete permission", "content_type": 1}}, {"pk": 7, "model": "auth.permission", "fields": {"codename": "add_user", "name": "Can add user", "content_type": 3}}, {"pk": 8, "model": "auth.permission", "fields": {"codename": "change_user", "name": "Can change user", "content_type": 3}}, {"pk": 9, "model": "auth.permission", "fields": {"codename": "delete_user", "name": "Can delete user", "content_type": 3}}, {"pk": 13, "model": "auth.permission", "fields": {"codename": "add_contenttype", "name": "Can add content type", "content_type": 5}}, {"pk": 14, "model": "auth.permission", "fields": {"codename": "change_contenttype", "name": "Can change content type", "content_type": 5}}, {"pk": 15, "model": "auth.permission", "fields": {"codename": "delete_contenttype", "name": "Can delete content type", "content_type": 5}}, {"pk": 16, "model": "auth.permission", "fields": {"codename": "add_session", "name": "Can add session", "content_type": 6}}, {"pk": 17, "model": "auth.permission", "fields": {"codename": "change_session", "name": "Can change session", "content_type": 6}}, {"pk": 18, "model": "auth.permission", "fields": {"codename": "delete_session", "name": "Can delete session", "content_type": 6}}, {"pk": 19, "model": "auth.permission", "fields": {"codename": "add_site", "name": "Can add site", "content_type": 7}}, {"pk": 20, "model": "auth.permission", "fields": {"codename": "change_site", "name": "Can change site", "content_type": 7}}, {"pk": 21, "model": "auth.permission", "fields": {"codename": "delete_site", "name": "Can delete site", "content_type": 7}}, {"pk": 25, "model": "auth.permission", "fields": {"codename": "add_migrationhistory", "name": "Can add migration history", "content_type": 9}}, {"pk": 26, "model": "auth.permission", "fields": {"codename": "change_migrationhistory", "name": "Can change migration history", "content_type": 9}}, {"pk": 27, "model": "auth.permission", "fields": {"codename": "delete_migrationhistory", "name": "Can delete migration history", "content_type": 9}}, {"pk": 28, "model": "auth.permission", "fields": {"codename": "add_author", "name": "Can add author", "content_type": 10}}, {"pk": 29, "model": "auth.permission", "fields": {"codename": "change_author", "name": "Can change author", "content_type": 10}}, {"pk": 30, "model": "auth.permission", "fields": {"codename": "delete_author", "name": "Can delete author", "content_type": 10}}, {"pk": 37, "model": "auth.permission", "fields": {"codename": "add_hashtag", "name": "Can add hashtag", "content_type": 13}}, {"pk": 38, "model": "auth.permission", "fields": {"codename": "change_hashtag", "name": "Can change hashtag", "content_type": 13}}, {"pk": 39, "model": "auth.permission", "fields": {"codename": "delete_hashtag", "name": "Can delete hashtag", "content_type": 13}}, {"pk": 40, "model": "auth.permission", "fields": {"codename": "add_mention", "name": "Can add mention", "content_type": 14}}, {"pk": 41, "model": "auth.permission", "fields": {"codename": "change_mention", "name": "Can change mention", "content_type": 14}}, {"pk": 42, "model": "auth.permission", "fields": {"codename": "delete_mention", "name": "Can delete mention", "content_type": 14}}, {"pk": 31, "model": "auth.permission", "fields": {"codename": "add_tag", "name": "Can add tag", "content_type": 11}}, {"pk": 32, "model": "auth.permission", "fields": {"codename": "change_tag", "name": "Can change tag", "content_type": 11}}, {"pk": 33, "model": "auth.permission", "fields": {"codename": "delete_tag", "name": "Can delete tag", "content_type": 11}}, {"pk": 34, "model": "auth.permission", "fields": {"codename": "add_tweet", "name": "Can add tweet", "content_type": 12}}, {"pk": 35, "model": "auth.permission", "fields": {"codename": "change_tweet", "name": "Can change tweet", "content_type": 12}}, {"pk": 36, "model": "auth.permission", "fields": {"codename": "delete_tweet", "name": "Can delete tweet", "content_type": 12}}, {"pk": 1, "model": "auth.user", "fields": {"username": "jpipes", "first_name": "", "last_name": "", "is_active": true, "is_superuser": true, "is_staff": true, "last_login": "2011-04-02 14:02:42", "groups": [], "user_permissions": [], "password": "sha1$79c08$b93af51192254b5b39b4c124aea9916b9b9287eb", "email": "jaypipes@gmail.com", "date_joined": "2011-04-02 14:02:42"}}]